CREATE TABLE IF NOT EXISTS "auth_group" ("id" integer NOT NULL PRIMARY KEY AUTOINCREMENT, "name" varchar(150) NOT NULL UNIQUE);
CREATE UNIQUE INDEX "auth_group_permissions_group_id_permission_id_0cd325b0_uniq" ON "auth_group_permissions" ("group_id", "permission_id");
CREATE INDEX IF NOT EXISTS "auth_group_permissions_group_id_b120cbf9" ON "auth_group_permissions" ("group_id");
CREATE INDEX IF NOT EXISTS "auth_group_permissions_permission_id_84c5c92e" ON "auth_group_permissions" ("permission_id");
CREATE UNIQUE INDEX "auth_user_groups_user_id_group_id_94350c0c_uniq" ON "auth_user_groups" ("user_id", "group_id");
CREATE INDEX IF NOT EXISTS "auth_user_groups_user_id_6a12ed8b" ON "auth_user_groups" ("user_id");
CREATE INDEX IF NOT EXISTS "auth_user_groups_group_id_97559544" ON "auth_user_groups" ("group_id");
CREATE UNIQUE INDEX "auth_user_user_permissions_user_id_permission_id_14a6b632_uniq" ON "auth_user_user_permissions" ("user_id", "permission_id");
CREATE INDEX IF NOT EXISTS "auth_user_user_permissions_user_id_a95ead1b" ON "auth_user_user_permissions" ("user_id");
CREATE INDEX IF NOT EXISTS "auth_user_user_permissions_permission_id_1fbb5f2c" ON "auth_user_user_permissions" ("permission_id");
CREATE INDEX IF NOT EXISTS "django_admin_log_content_type_id_c4bce8eb" ON "django_admin_log" ("content_type_id");
CREATE INDEX IF NOT EXISTS "django_admin_log_user_id_c564eba6" ON "django_admin_log" ("user_id");
CREATE UNIQUE INDEX "django_content_type_app_label_model_76bd3d3b_uniq" ON "django_content_type" ("app_label", "model");
CREATE UNIQUE INDEX "auth_permission_content_type_id_codename_01ab375a_uniq" ON "auth_permission" ("content_type_id", "codename");
CREATE INDEX IF NOT EXISTS "auth_permission_content_type_id_2f476e4b" ON "auth_permission" ("content_type_id");
CREATE INDEX IF NOT EXISTS "tostadora_user_rol_id_id_c766ff45" ON "tostadora_user" ("rol_id_id");
CREATE INDEX IF NOT EXISTS "tostadora_cart_product_id_2e9d6ab2" ON "tostadora_cart" ("product_id");
CREATE INDEX IF NOT EXISTS "tostadora_cart_user_id_e5ebfaec" ON "tostadora_cart" ("user_id");
CREATE INDEX IF NOT EXISTS "tostadora_order_cart_id_38983022" ON "tostadora_order" ("cart_id");
CREATE INDEX IF NOT EXISTS "tostadora_order_user_id_e3f18deb" ON "tostadora_order" ("user_id");
CREATE INDEX IF NOT EXISTS "tostadora_product_category_id_a157fa66" ON "tostadora_product" ("category_id");
CREATE INDEX IF NOT EXISTS "django_session_expire_date_a5c62663" ON "django_session" ("expire_date");
CREATE INDEX IF NOT EXISTS "tostadora_address_user_id_id_0b5b53d4" ON "tostadora_address" ("user_id_id");
CREATE TABLE IF NOT EXISTS "auth_group_permissions" ("id" integer NOT NULL PRIMARY KEY AUTOINCREMENT, "group_id" integer NOT NULL REFERENCES "auth_group" ("id") DEFERRABLE INITIALLY DEFERRED, "permission_id" integer NOT NULL REFERENCES "auth_permission" ("id") DEFERRABLE INITIALLY DEFERRED);
CREATE UNIQUE INDEX "auth_group_permissions_group_id_permission_id_0cd325b0_uniq" ON "auth_group_permissions" ("group_id", "permission_id");
CREATE INDEX IF NOT EXISTS "auth_group_permissions_group_id_b120cbf9" ON "auth_group_permissions" ("group_id");
CREATE INDEX IF NOT EXISTS "auth_group_permissions_permission_id_84c5c92e" ON "auth_group_permissions" ("permission_id");
CREATE UNIQUE INDEX "auth_user_groups_user_id_group_id_94350c0c_uniq" ON "auth_user_groups" ("user_id", "group_id");
CREATE INDEX IF NOT EXISTS "auth_user_groups_user_id_6a12ed8b" ON "auth_user_groups" ("user_id");
CREATE INDEX IF NOT EXISTS "auth_user_groups_group_id_97559544" ON "auth_user_groups" ("group_id");
CREATE UNIQUE INDEX "auth_user_user_permissions_user_id_permission_id_14a6b632_uniq" ON "auth_user_user_permissions" ("user_id", "permission_id");
CREATE INDEX IF NOT EXISTS "auth_user_user_permissions_user_id_a95ead1b" ON "auth_user_user_permissions" ("user_id");
CREATE INDEX IF NOT EXISTS "auth_user_user_permissions_permission_id_1fbb5f2c" ON "auth_user_user_permissions" ("permission_id");
CREATE INDEX IF NOT EXISTS "django_admin_log_content_type_id_c4bce8eb" ON "django_admin_log" ("content_type_id");
CREATE INDEX IF NOT EXISTS "django_admin_log_user_id_c564eba6" ON "django_admin_log" ("user_id");
CREATE UNIQUE INDEX "django_content_type_app_label_model_76bd3d3b_uniq" ON "django_content_type" ("app_label", "model");
CREATE UNIQUE INDEX "auth_permission_content_type_id_codename_01ab375a_uniq" ON "auth_permission" ("content_type_id", "codename");
CREATE INDEX IF NOT EXISTS "auth_permission_content_type_id_2f476e4b" ON "auth_permission" ("content_type_id");
CREATE INDEX IF NOT EXISTS "tostadora_user_rol_id_id_c766ff45" ON "tostadora_user" ("rol_id_id");
CREATE INDEX IF NOT EXISTS "tostadora_cart_product_id_2e9d6ab2" ON "tostadora_cart" ("product_id");
CREATE INDEX IF NOT EXISTS "tostadora_cart_user_id_e5ebfaec" ON "tostadora_cart" ("user_id");
CREATE INDEX IF NOT EXISTS "tostadora_order_cart_id_38983022" ON "tostadora_order" ("cart_id");
CREATE INDEX IF NOT EXISTS "tostadora_order_user_id_e3f18deb" ON "tostadora_order" ("user_id");
CREATE INDEX IF NOT EXISTS "tostadora_product_category_id_a157fa66" ON "tostadora_product" ("category_id");
CREATE INDEX IF NOT EXISTS "django_session_expire_date_a5c62663" ON "django_session" ("expire_date");
CREATE INDEX IF NOT EXISTS "tostadora_address_user_id_id_0b5b53d4" ON "tostadora_address" ("user_id_id");
CREATE TABLE IF NOT EXISTS "auth_permission" ("id" integer NOT NULL PRIMARY KEY AUTOINCREMENT, "content_type_id" integer NOT NULL REFERENCES "django_content_type" ("id") DEFERRABLE INITIALLY DEFERRED, "codename" varchar(100) NOT NULL, "name" varchar(255) NOT NULL);
INSERT INTO "auth_permission" VALUES(1,1,'add_logentry','Can add log entry');
INSERT INTO "auth_permission" VALUES(2,1,'change_logentry','Can change log entry');
INSERT INTO "auth_permission" VALUES(3,1,'delete_logentry','Can delete log entry');
INSERT INTO "auth_permission" VALUES(4,1,'view_logentry','Can view log entry');
INSERT INTO "auth_permission" VALUES(5,2,'add_permission','Can add permission');
INSERT INTO "auth_permission" VALUES(6,2,'change_permission','Can change permission');
INSERT INTO "auth_permission" VALUES(7,2,'delete_permission','Can delete permission');
INSERT INTO "auth_permission" VALUES(8,2,'view_permission','Can view permission');
INSERT INTO "auth_permission" VALUES(9,3,'add_group','Can add group');
INSERT INTO "auth_permission" VALUES(10,3,'change_group','Can change group');
INSERT INTO "auth_permission" VALUES(11,3,'delete_group','Can delete group');
INSERT INTO "auth_permission" VALUES(12,3,'view_group','Can view group');
INSERT INTO "auth_permission" VALUES(13,4,'add_user','Can add user');
INSERT INTO "auth_permission" VALUES(14,4,'change_user','Can change user');
INSERT INTO "auth_permission" VALUES(15,4,'delete_user','Can delete user');
INSERT INTO "auth_permission" VALUES(16,4,'view_user','Can view user');
INSERT INTO "auth_permission" VALUES(17,5,'add_contenttype','Can add content type');
INSERT INTO "auth_permission" VALUES(18,5,'change_contenttype','Can change content type');
INSERT INTO "auth_permission" VALUES(19,5,'delete_contenttype','Can delete content type');
INSERT INTO "auth_permission" VALUES(20,5,'view_contenttype','Can view content type');
INSERT INTO "auth_permission" VALUES(21,6,'add_session','Can add session');
INSERT INTO "auth_permission" VALUES(22,6,'change_session','Can change session');
INSERT INTO "auth_permission" VALUES(23,6,'delete_session','Can delete session');
INSERT INTO "auth_permission" VALUES(24,6,'view_session','Can view session');
INSERT INTO "auth_permission" VALUES(25,7,'add_rol','Can add rol');
INSERT INTO "auth_permission" VALUES(26,7,'change_rol','Can change rol');
INSERT INTO "auth_permission" VALUES(27,7,'delete_rol','Can delete rol');
INSERT INTO "auth_permission" VALUES(28,7,'view_rol','Can view rol');
INSERT INTO "auth_permission" VALUES(29,8,'add_user','Can add user');
INSERT INTO "auth_permission" VALUES(30,8,'change_user','Can change user');
INSERT INTO "auth_permission" VALUES(31,8,'delete_user','Can delete user');
INSERT INTO "auth_permission" VALUES(32,8,'view_user','Can view user');
INSERT INTO "auth_permission" VALUES(33,9,'add_address','Can add address');
INSERT INTO "auth_permission" VALUES(34,9,'change_address','Can change address');
INSERT INTO "auth_permission" VALUES(35,9,'delete_address','Can delete address');
INSERT INTO "auth_permission" VALUES(36,9,'view_address','Can view address');
INSERT INTO "auth_permission" VALUES(37,10,'add_product','Can add product');
INSERT INTO "auth_permission" VALUES(38,10,'change_product','Can change product');
INSERT INTO "auth_permission" VALUES(39,10,'delete_product','Can delete product');
INSERT INTO "auth_permission" VALUES(40,10,'view_product','Can view product');
INSERT INTO "auth_permission" VALUES(41,11,'add_category','Can add category');
INSERT INTO "auth_permission" VALUES(42,11,'change_category','Can change category');
INSERT INTO "auth_permission" VALUES(43,11,'delete_category','Can delete category');
INSERT INTO "auth_permission" VALUES(44,11,'view_category','Can view category');
INSERT INTO "auth_permission" VALUES(45,12,'add_cart','Can add cart');
INSERT INTO "auth_permission" VALUES(46,12,'change_cart','Can change cart');
INSERT INTO "auth_permission" VALUES(47,12,'delete_cart','Can delete cart');
INSERT INTO "auth_permission" VALUES(48,12,'view_cart','Can view cart');
INSERT INTO "auth_permission" VALUES(49,13,'add_order','Can add order');
INSERT INTO "auth_permission" VALUES(50,13,'change_order','Can change order');
INSERT INTO "auth_permission" VALUES(51,13,'delete_order','Can delete order');
INSERT INTO "auth_permission" VALUES(52,13,'view_order','Can view order');
CREATE UNIQUE INDEX "auth_group_permissions_group_id_permission_id_0cd325b0_uniq" ON "auth_group_permissions" ("group_id", "permission_id");
CREATE INDEX IF NOT EXISTS "auth_group_permissions_group_id_b120cbf9" ON "auth_group_permissions" ("group_id");
CREATE INDEX IF NOT EXISTS "auth_group_permissions_permission_id_84c5c92e" ON "auth_group_permissions" ("permission_id");
CREATE UNIQUE INDEX "auth_user_groups_user_id_group_id_94350c0c_uniq" ON "auth_user_groups" ("user_id", "group_id");
CREATE INDEX IF NOT EXISTS "auth_user_groups_user_id_6a12ed8b" ON "auth_user_groups" ("user_id");
CREATE INDEX IF NOT EXISTS "auth_user_groups_group_id_97559544" ON "auth_user_groups" ("group_id");
CREATE UNIQUE INDEX "auth_user_user_permissions_user_id_permission_id_14a6b632_uniq" ON "auth_user_user_permissions" ("user_id", "permission_id");
CREATE INDEX IF NOT EXISTS "auth_user_user_permissions_user_id_a95ead1b" ON "auth_user_user_permissions" ("user_id");
CREATE INDEX IF NOT EXISTS "auth_user_user_permissions_permission_id_1fbb5f2c" ON "auth_user_user_permissions" ("permission_id");
CREATE INDEX IF NOT EXISTS "django_admin_log_content_type_id_c4bce8eb" ON "django_admin_log" ("content_type_id");
CREATE INDEX IF NOT EXISTS "django_admin_log_user_id_c564eba6" ON "django_admin_log" ("user_id");
CREATE UNIQUE INDEX "django_content_type_app_label_model_76bd3d3b_uniq" ON "django_content_type" ("app_label", "model");
CREATE UNIQUE INDEX "auth_permission_content_type_id_codename_01ab375a_uniq" ON "auth_permission" ("content_type_id", "codename");
CREATE INDEX IF NOT EXISTS "auth_permission_content_type_id_2f476e4b" ON "auth_permission" ("content_type_id");
CREATE INDEX IF NOT EXISTS "tostadora_user_rol_id_id_c766ff45" ON "tostadora_user" ("rol_id_id");
CREATE INDEX IF NOT EXISTS "tostadora_cart_product_id_2e9d6ab2" ON "tostadora_cart" ("product_id");
CREATE INDEX IF NOT EXISTS "tostadora_cart_user_id_e5ebfaec" ON "tostadora_cart" ("user_id");
CREATE INDEX IF NOT EXISTS "tostadora_order_cart_id_38983022" ON "tostadora_order" ("cart_id");
CREATE INDEX IF NOT EXISTS "tostadora_order_user_id_e3f18deb" ON "tostadora_order" ("user_id");
CREATE INDEX IF NOT EXISTS "tostadora_product_category_id_a157fa66" ON "tostadora_product" ("category_id");
CREATE INDEX IF NOT EXISTS "django_session_expire_date_a5c62663" ON "django_session" ("expire_date");
CREATE INDEX IF NOT EXISTS "tostadora_address_user_id_id_0b5b53d4" ON "tostadora_address" ("user_id_id");
CREATE TABLE IF NOT EXISTS "auth_user" ("id" integer NOT NULL PRIMARY KEY AUTOINCREMENT, "password" varchar(128) NOT NULL, "last_login" datetime NULL, "is_superuser" bool NOT NULL, "username" varchar(150) NOT NULL UNIQUE, "last_name" varchar(150) NOT NULL, "email" varchar(254) NOT NULL, "is_staff" bool NOT NULL, "is_active" bool NOT NULL, "date_joined" datetime NOT NULL, "first_name" varchar(150) NOT NULL);
CREATE UNIQUE INDEX "auth_group_permissions_group_id_permission_id_0cd325b0_uniq" ON "auth_group_permissions" ("group_id", "permission_id");
CREATE INDEX IF NOT EXISTS "auth_group_permissions_group_id_b120cbf9" ON "auth_group_permissions" ("group_id");
CREATE INDEX IF NOT EXISTS "auth_group_permissions_permission_id_84c5c92e" ON "auth_group_permissions" ("permission_id");
CREATE UNIQUE INDEX "auth_user_groups_user_id_group_id_94350c0c_uniq" ON "auth_user_groups" ("user_id", "group_id");
CREATE INDEX IF NOT EXISTS "auth_user_groups_user_id_6a12ed8b" ON "auth_user_groups" ("user_id");
CREATE INDEX IF NOT EXISTS "auth_user_groups_group_id_97559544" ON "auth_user_groups" ("group_id");
CREATE UNIQUE INDEX "auth_user_user_permissions_user_id_permission_id_14a6b632_uniq" ON "auth_user_user_permissions" ("user_id", "permission_id");
CREATE INDEX IF NOT EXISTS "auth_user_user_permissions_user_id_a95ead1b" ON "auth_user_user_permissions" ("user_id");
CREATE INDEX IF NOT EXISTS "auth_user_user_permissions_permission_id_1fbb5f2c" ON "auth_user_user_permissions" ("permission_id");
CREATE INDEX IF NOT EXISTS "django_admin_log_content_type_id_c4bce8eb" ON "django_admin_log" ("content_type_id");
CREATE INDEX IF NOT EXISTS "django_admin_log_user_id_c564eba6" ON "django_admin_log" ("user_id");
CREATE UNIQUE INDEX "django_content_type_app_label_model_76bd3d3b_uniq" ON "django_content_type" ("app_label", "model");
CREATE UNIQUE INDEX "auth_permission_content_type_id_codename_01ab375a_uniq" ON "auth_permission" ("content_type_id", "codename");
CREATE INDEX IF NOT EXISTS "auth_permission_content_type_id_2f476e4b" ON "auth_permission" ("content_type_id");
CREATE INDEX IF NOT EXISTS "tostadora_user_rol_id_id_c766ff45" ON "tostadora_user" ("rol_id_id");
CREATE INDEX IF NOT EXISTS "tostadora_cart_product_id_2e9d6ab2" ON "tostadora_cart" ("product_id");
CREATE INDEX IF NOT EXISTS "tostadora_cart_user_id_e5ebfaec" ON "tostadora_cart" ("user_id");
CREATE INDEX IF NOT EXISTS "tostadora_order_cart_id_38983022" ON "tostadora_order" ("cart_id");
CREATE INDEX IF NOT EXISTS "tostadora_order_user_id_e3f18deb" ON "tostadora_order" ("user_id");
CREATE INDEX IF NOT EXISTS "tostadora_product_category_id_a157fa66" ON "tostadora_product" ("category_id");
CREATE INDEX IF NOT EXISTS "django_session_expire_date_a5c62663" ON "django_session" ("expire_date");
CREATE INDEX IF NOT EXISTS "tostadora_address_user_id_id_0b5b53d4" ON "tostadora_address" ("user_id_id");
CREATE TABLE IF NOT EXISTS "auth_user_groups" ("id" integer NOT NULL PRIMARY KEY AUTOINCREMENT, "user_id" integer NOT NULL REFERENCES "auth_user" ("id") DEFERRABLE INITIALLY DEFERRED, "group_id" integer NOT NULL REFERENCES "auth_group" ("id") DEFERRABLE INITIALLY DEFERRED);
CREATE UNIQUE INDEX "auth_group_permissions_group_id_permission_id_0cd325b0_uniq" ON "auth_group_permissions" ("group_id", "permission_id");
CREATE INDEX IF NOT EXISTS "auth_group_permissions_group_id_b120cbf9" ON "auth_group_permissions" ("group_id");
CREATE INDEX IF NOT EXISTS "auth_group_permissions_permission_id_84c5c92e" ON "auth_group_permissions" ("permission_id");
CREATE UNIQUE INDEX "auth_user_groups_user_id_group_id_94350c0c_uniq" ON "auth_user_groups" ("user_id", "group_id");
CREATE INDEX IF NOT EXISTS "auth_user_groups_user_id_6a12ed8b" ON "auth_user_groups" ("user_id");
CREATE INDEX IF NOT EXISTS "auth_user_groups_group_id_97559544" ON "auth_user_groups" ("group_id");
CREATE UNIQUE INDEX "auth_user_user_permissions_user_id_permission_id_14a6b632_uniq" ON "auth_user_user_permissions" ("user_id", "permission_id");
CREATE INDEX IF NOT EXISTS "auth_user_user_permissions_user_id_a95ead1b" ON "auth_user_user_permissions" ("user_id");
CREATE INDEX IF NOT EXISTS "auth_user_user_permissions_permission_id_1fbb5f2c" ON "auth_user_user_permissions" ("permission_id");
CREATE INDEX IF NOT EXISTS "django_admin_log_content_type_id_c4bce8eb" ON "django_admin_log" ("content_type_id");
CREATE INDEX IF NOT EXISTS "django_admin_log_user_id_c564eba6" ON "django_admin_log" ("user_id");
CREATE UNIQUE INDEX "django_content_type_app_label_model_76bd3d3b_uniq" ON "django_content_type" ("app_label", "model");
CREATE UNIQUE INDEX "auth_permission_content_type_id_codename_01ab375a_uniq" ON "auth_permission" ("content_type_id", "codename");
CREATE INDEX IF NOT EXISTS "auth_permission_content_type_id_2f476e4b" ON "auth_permission" ("content_type_id");
CREATE INDEX IF NOT EXISTS "tostadora_user_rol_id_id_c766ff45" ON "tostadora_user" ("rol_id_id");
CREATE INDEX IF NOT EXISTS "tostadora_cart_product_id_2e9d6ab2" ON "tostadora_cart" ("product_id");
CREATE INDEX IF NOT EXISTS "tostadora_cart_user_id_e5ebfaec" ON "tostadora_cart" ("user_id");
CREATE INDEX IF NOT EXISTS "tostadora_order_cart_id_38983022" ON "tostadora_order" ("cart_id");
CREATE INDEX IF NOT EXISTS "tostadora_order_user_id_e3f18deb" ON "tostadora_order" ("user_id");
CREATE INDEX IF NOT EXISTS "tostadora_product_category_id_a157fa66" ON "tostadora_product" ("category_id");
CREATE INDEX IF NOT EXISTS "django_session_expire_date_a5c62663" ON "django_session" ("expire_date");
CREATE INDEX IF NOT EXISTS "tostadora_address_user_id_id_0b5b53d4" ON "tostadora_address" ("user_id_id");
CREATE TABLE IF NOT EXISTS "auth_user_user_permissions" ("id" integer NOT NULL PRIMARY KEY AUTOINCREMENT, "user_id" integer NOT NULL REFERENCES "auth_user" ("id") DEFERRABLE INITIALLY DEFERRED, "permission_id" integer NOT NULL REFERENCES "auth_permission" ("id") DEFERRABLE INITIALLY DEFERRED);
CREATE UNIQUE INDEX "auth_group_permissions_group_id_permission_id_0cd325b0_uniq" ON "auth_group_permissions" ("group_id", "permission_id");
CREATE INDEX IF NOT EXISTS "auth_group_permissions_group_id_b120cbf9" ON "auth_group_permissions" ("group_id");
CREATE INDEX IF NOT EXISTS "auth_group_permissions_permission_id_84c5c92e" ON "auth_group_permissions" ("permission_id");
CREATE UNIQUE INDEX "auth_user_groups_user_id_group_id_94350c0c_uniq" ON "auth_user_groups" ("user_id", "group_id");
CREATE INDEX IF NOT EXISTS "auth_user_groups_user_id_6a12ed8b" ON "auth_user_groups" ("user_id");
CREATE INDEX IF NOT EXISTS "auth_user_groups_group_id_97559544" ON "auth_user_groups" ("group_id");
CREATE UNIQUE INDEX "auth_user_user_permissions_user_id_permission_id_14a6b632_uniq" ON "auth_user_user_permissions" ("user_id", "permission_id");
CREATE INDEX IF NOT EXISTS "auth_user_user_permissions_user_id_a95ead1b" ON "auth_user_user_permissions" ("user_id");
CREATE INDEX IF NOT EXISTS "auth_user_user_permissions_permission_id_1fbb5f2c" ON "auth_user_user_permissions" ("permission_id");
CREATE INDEX IF NOT EXISTS "django_admin_log_content_type_id_c4bce8eb" ON "django_admin_log" ("content_type_id");
CREATE INDEX IF NOT EXISTS "django_admin_log_user_id_c564eba6" ON "django_admin_log" ("user_id");
CREATE UNIQUE INDEX "django_content_type_app_label_model_76bd3d3b_uniq" ON "django_content_type" ("app_label", "model");
CREATE UNIQUE INDEX "auth_permission_content_type_id_codename_01ab375a_uniq" ON "auth_permission" ("content_type_id", "codename");
CREATE INDEX IF NOT EXISTS "auth_permission_content_type_id_2f476e4b" ON "auth_permission" ("content_type_id");
CREATE INDEX IF NOT EXISTS "tostadora_user_rol_id_id_c766ff45" ON "tostadora_user" ("rol_id_id");
CREATE INDEX IF NOT EXISTS "tostadora_cart_product_id_2e9d6ab2" ON "tostadora_cart" ("product_id");
CREATE INDEX IF NOT EXISTS "tostadora_cart_user_id_e5ebfaec" ON "tostadora_cart" ("user_id");
CREATE INDEX IF NOT EXISTS "tostadora_order_cart_id_38983022" ON "tostadora_order" ("cart_id");
CREATE INDEX IF NOT EXISTS "tostadora_order_user_id_e3f18deb" ON "tostadora_order" ("user_id");
CREATE INDEX IF NOT EXISTS "tostadora_product_category_id_a157fa66" ON "tostadora_product" ("category_id");
CREATE INDEX IF NOT EXISTS "django_session_expire_date_a5c62663" ON "django_session" ("expire_date");
CREATE INDEX IF NOT EXISTS "tostadora_address_user_id_id_0b5b53d4" ON "tostadora_address" ("user_id_id");
CREATE TABLE IF NOT EXISTS "django_admin_log" ("id" integer NOT NULL PRIMARY KEY AUTOINCREMENT, "object_id" text NULL, "object_repr" varchar(200) NOT NULL, "action_flag" smallint unsigned NOT NULL CHECK ("action_flag" >= 0), "change_message" text NOT NULL, "content_type_id" integer NULL REFERENCES "django_content_type" ("id") DEFERRABLE INITIALLY DEFERRED, "user_id" integer NOT NULL REFERENCES "auth_user" ("id") DEFERRABLE INITIALLY DEFERRED, "action_time" datetime NOT NULL);
CREATE UNIQUE INDEX "auth_group_permissions_group_id_permission_id_0cd325b0_uniq" ON "auth_group_permissions" ("group_id", "permission_id");
CREATE INDEX IF NOT EXISTS "auth_group_permissions_group_id_b120cbf9" ON "auth_group_permissions" ("group_id");
CREATE INDEX IF NOT EXISTS "auth_group_permissions_permission_id_84c5c92e" ON "auth_group_permissions" ("permission_id");
CREATE UNIQUE INDEX "auth_user_groups_user_id_group_id_94350c0c_uniq" ON "auth_user_groups" ("user_id", "group_id");
CREATE INDEX IF NOT EXISTS "auth_user_groups_user_id_6a12ed8b" ON "auth_user_groups" ("user_id");
CREATE INDEX IF NOT EXISTS "auth_user_groups_group_id_97559544" ON "auth_user_groups" ("group_id");
CREATE UNIQUE INDEX "auth_user_user_permissions_user_id_permission_id_14a6b632_uniq" ON "auth_user_user_permissions" ("user_id", "permission_id");
CREATE INDEX IF NOT EXISTS "auth_user_user_permissions_user_id_a95ead1b" ON "auth_user_user_permissions" ("user_id");
CREATE INDEX IF NOT EXISTS "auth_user_user_permissions_permission_id_1fbb5f2c" ON "auth_user_user_permissions" ("permission_id");
CREATE INDEX IF NOT EXISTS "django_admin_log_content_type_id_c4bce8eb" ON "django_admin_log" ("content_type_id");
CREATE INDEX IF NOT EXISTS "django_admin_log_user_id_c564eba6" ON "django_admin_log" ("user_id");
CREATE UNIQUE INDEX "django_content_type_app_label_model_76bd3d3b_uniq" ON "django_content_type" ("app_label", "model");
CREATE UNIQUE INDEX "auth_permission_content_type_id_codename_01ab375a_uniq" ON "auth_permission" ("content_type_id", "codename");
CREATE INDEX IF NOT EXISTS "auth_permission_content_type_id_2f476e4b" ON "auth_permission" ("content_type_id");
CREATE INDEX IF NOT EXISTS "tostadora_user_rol_id_id_c766ff45" ON "tostadora_user" ("rol_id_id");
CREATE INDEX IF NOT EXISTS "tostadora_cart_product_id_2e9d6ab2" ON "tostadora_cart" ("product_id");
CREATE INDEX IF NOT EXISTS "tostadora_cart_user_id_e5ebfaec" ON "tostadora_cart" ("user_id");
CREATE INDEX IF NOT EXISTS "tostadora_order_cart_id_38983022" ON "tostadora_order" ("cart_id");
CREATE INDEX IF NOT EXISTS "tostadora_order_user_id_e3f18deb" ON "tostadora_order" ("user_id");
CREATE INDEX IF NOT EXISTS "tostadora_product_category_id_a157fa66" ON "tostadora_product" ("category_id");
CREATE INDEX IF NOT EXISTS "django_session_expire_date_a5c62663" ON "django_session" ("expire_date");
CREATE INDEX IF NOT EXISTS "tostadora_address_user_id_id_0b5b53d4" ON "tostadora_address" ("user_id_id");
CREATE TABLE IF NOT EXISTS "django_content_type" ("id" integer NOT NULL PRIMARY KEY AUTOINCREMENT, "app_label" varchar(100) NOT NULL, "model" varchar(100) NOT NULL);
INSERT INTO "django_content_type" VALUES(1,'admin','logentry');
INSERT INTO "django_content_type" VALUES(2,'auth','permission');
INSERT INTO "django_content_type" VALUES(3,'auth','group');
INSERT INTO "django_content_type" VALUES(4,'auth','user');
INSERT INTO "django_content_type" VALUES(5,'contenttypes','contenttype');
INSERT INTO "django_content_type" VALUES(6,'sessions','session');
INSERT INTO "django_content_type" VALUES(7,'user','rol');
INSERT INTO "django_content_type" VALUES(8,'user','user');
INSERT INTO "django_content_type" VALUES(9,'user','address');
INSERT INTO "django_content_type" VALUES(10,'product','product');
INSERT INTO "django_content_type" VALUES(11,'product','category');
INSERT INTO "django_content_type" VALUES(12,'cart','cart');
INSERT INTO "django_content_type" VALUES(13,'cart','order');
CREATE UNIQUE INDEX "auth_group_permissions_group_id_permission_id_0cd325b0_uniq" ON "auth_group_permissions" ("group_id", "permission_id");
CREATE INDEX IF NOT EXISTS "auth_group_permissions_group_id_b120cbf9" ON "auth_group_permissions" ("group_id");
CREATE INDEX IF NOT EXISTS "auth_group_permissions_permission_id_84c5c92e" ON "auth_group_permissions" ("permission_id");
CREATE UNIQUE INDEX "auth_user_groups_user_id_group_id_94350c0c_uniq" ON "auth_user_groups" ("user_id", "group_id");
CREATE INDEX IF NOT EXISTS "auth_user_groups_user_id_6a12ed8b" ON "auth_user_groups" ("user_id");
CREATE INDEX IF NOT EXISTS "auth_user_groups_group_id_97559544" ON "auth_user_groups" ("group_id");
CREATE UNIQUE INDEX "auth_user_user_permissions_user_id_permission_id_14a6b632_uniq" ON "auth_user_user_permissions" ("user_id", "permission_id");
CREATE INDEX IF NOT EXISTS "auth_user_user_permissions_user_id_a95ead1b" ON "auth_user_user_permissions" ("user_id");
CREATE INDEX IF NOT EXISTS "auth_user_user_permissions_permission_id_1fbb5f2c" ON "auth_user_user_permissions" ("permission_id");
CREATE INDEX IF NOT EXISTS "django_admin_log_content_type_id_c4bce8eb" ON "django_admin_log" ("content_type_id");
CREATE INDEX IF NOT EXISTS "django_admin_log_user_id_c564eba6" ON "django_admin_log" ("user_id");
CREATE UNIQUE INDEX "django_content_type_app_label_model_76bd3d3b_uniq" ON "django_content_type" ("app_label", "model");
CREATE UNIQUE INDEX "auth_permission_content_type_id_codename_01ab375a_uniq" ON "auth_permission" ("content_type_id", "codename");
CREATE INDEX IF NOT EXISTS "auth_permission_content_type_id_2f476e4b" ON "auth_permission" ("content_type_id");
CREATE INDEX IF NOT EXISTS "tostadora_user_rol_id_id_c766ff45" ON "tostadora_user" ("rol_id_id");
CREATE INDEX IF NOT EXISTS "tostadora_cart_product_id_2e9d6ab2" ON "tostadora_cart" ("product_id");
CREATE INDEX IF NOT EXISTS "tostadora_cart_user_id_e5ebfaec" ON "tostadora_cart" ("user_id");
CREATE INDEX IF NOT EXISTS "tostadora_order_cart_id_38983022" ON "tostadora_order" ("cart_id");
CREATE INDEX IF NOT EXISTS "tostadora_order_user_id_e3f18deb" ON "tostadora_order" ("user_id");
CREATE INDEX IF NOT EXISTS "tostadora_product_category_id_a157fa66" ON "tostadora_product" ("category_id");
CREATE INDEX IF NOT EXISTS "django_session_expire_date_a5c62663" ON "django_session" ("expire_date");
CREATE INDEX IF NOT EXISTS "tostadora_address_user_id_id_0b5b53d4" ON "tostadora_address" ("user_id_id");
CREATE TABLE IF NOT EXISTS "django_migrations" ("id" integer NOT NULL PRIMARY KEY AUTOINCREMENT, "app" varchar(255) NOT NULL, "name" varchar(255) NOT NULL, "applied" datetime NOT NULL);
INSERT INTO "django_migrations" VALUES(1,'contenttypes','0001_initial','2023-07-01 00:00:21.716204');
INSERT INTO "django_migrations" VALUES(2,'auth','0001_initial','2023-07-01 00:00:21.738338');
INSERT INTO "django_migrations" VALUES(3,'admin','0001_initial','2023-07-01 00:00:21.750305');
INSERT INTO "django_migrations" VALUES(4,'admin','0002_logentry_remove_auto_add','2023-07-01 00:00:21.767600');
INSERT INTO "django_migrations" VALUES(5,'admin','0003_logentry_add_action_flag_choices','2023-07-01 00:00:21.778153');
INSERT INTO "django_migrations" VALUES(6,'contenttypes','0002_remove_content_type_name','2023-07-01 00:00:21.801787');
INSERT INTO "django_migrations" VALUES(7,'auth','0002_alter_permission_name_max_length','2023-07-01 00:00:21.817779');
INSERT INTO "django_migrations" VALUES(8,'auth','0003_alter_user_email_max_length','2023-07-01 00:00:21.830800');
INSERT INTO "django_migrations" VALUES(9,'auth','0004_alter_user_username_opts','2023-07-01 00:00:21.840810');
INSERT INTO "django_migrations" VALUES(10,'auth','0005_alter_user_last_login_null','2023-07-01 00:00:21.856448');
INSERT INTO "django_migrations" VALUES(11,'auth','0006_require_contenttypes_0002','2023-07-01 00:00:21.859003');
INSERT INTO "django_migrations" VALUES(12,'auth','0007_alter_validators_add_error_messages','2023-07-01 00:00:21.868959');
INSERT INTO "django_migrations" VALUES(13,'auth','0008_alter_user_username_max_length','2023-07-01 00:00:21.883540');
INSERT INTO "django_migrations" VALUES(14,'auth','0009_alter_user_last_name_max_length','2023-07-01 00:00:21.897290');
INSERT INTO "django_migrations" VALUES(15,'auth','0010_alter_group_name_max_length','2023-07-01 00:00:21.910627');
INSERT INTO "django_migrations" VALUES(16,'auth','0011_update_proxy_permissions','2023-07-01 00:00:21.918759');
INSERT INTO "django_migrations" VALUES(17,'auth','0012_alter_user_first_name_max_length','2023-07-01 00:00:21.933437');
INSERT INTO "django_migrations" VALUES(18,'user','0001_initial','2023-07-01 00:00:21.942428');
INSERT INTO "django_migrations" VALUES(19,'user','0002_alter_user_rol_id','2023-07-01 00:00:21.950439');
INSERT INTO "django_migrations" VALUES(20,'product','0001_initial','2023-07-01 00:00:21.960769');
INSERT INTO "django_migrations" VALUES(21,'cart','0001_initial','2023-07-01 00:00:21.968917');
INSERT INTO "django_migrations" VALUES(22,'cart','0002_cart_sub_total_alter_cart_quantity','2023-07-01 00:00:21.989201');
INSERT INTO "django_migrations" VALUES(23,'cart','0003_order','2023-07-01 00:00:22.001954');
INSERT INTO "django_migrations" VALUES(24,'product','0002_price_alter_product_price','2023-07-01 00:00:22.019363');
INSERT INTO "django_migrations" VALUES(25,'product','0003_alter_price_price','2023-07-01 00:00:22.028529');
INSERT INTO "django_migrations" VALUES(26,'product','0004_alter_product_price','2023-07-01 00:00:22.041042');
INSERT INTO "django_migrations" VALUES(27,'product','0005_remove_product_price_presentation_price_delete_price','2023-07-01 00:00:22.062736');
INSERT INTO "django_migrations" VALUES(28,'product','0006_remove_presentation_price_and_more','2023-07-01 00:00:22.080596');
INSERT INTO "django_migrations" VALUES(29,'product','0007_alter_product_presentation_alter_product_price','2023-07-01 00:00:22.100203');
INSERT INTO "django_migrations" VALUES(30,'product','0008_alter_product_presentation_delete_presentation','2023-07-01 00:00:22.111337');
INSERT INTO "django_migrations" VALUES(31,'product','0009_category_product_category','2023-07-01 00:00:22.124569');
INSERT INTO "django_migrations" VALUES(32,'product','0010_alter_product_name','2023-07-01 00:00:22.133901');
INSERT INTO "django_migrations" VALUES(33,'product','0011_product_category_name_alter_product_category','2023-07-01 00:00:22.152182');
INSERT INTO "django_migrations" VALUES(34,'sessions','0001_initial','2023-07-01 00:00:22.159030');
INSERT INTO "django_migrations" VALUES(35,'user','0003_address','2023-07-01 00:00:22.169023');
INSERT INTO "django_migrations" VALUES(36,'user','0004_alter_address_user_id','2023-07-01 00:00:22.182250');
CREATE UNIQUE INDEX "auth_group_permissions_group_id_permission_id_0cd325b0_uniq" ON "auth_group_permissions" ("group_id", "permission_id");
CREATE INDEX IF NOT EXISTS "auth_group_permissions_group_id_b120cbf9" ON "auth_group_permissions" ("group_id");
CREATE INDEX IF NOT EXISTS "auth_group_permissions_permission_id_84c5c92e" ON "auth_group_permissions" ("permission_id");
CREATE UNIQUE INDEX "auth_user_groups_user_id_group_id_94350c0c_uniq" ON "auth_user_groups" ("user_id", "group_id");
CREATE INDEX IF NOT EXISTS "auth_user_groups_user_id_6a12ed8b" ON "auth_user_groups" ("user_id");
CREATE INDEX IF NOT EXISTS "auth_user_groups_group_id_97559544" ON "auth_user_groups" ("group_id");
CREATE UNIQUE INDEX "auth_user_user_permissions_user_id_permission_id_14a6b632_uniq" ON "auth_user_user_permissions" ("user_id", "permission_id");
CREATE INDEX IF NOT EXISTS "auth_user_user_permissions_user_id_a95ead1b" ON "auth_user_user_permissions" ("user_id");
CREATE INDEX IF NOT EXISTS "auth_user_user_permissions_permission_id_1fbb5f2c" ON "auth_user_user_permissions" ("permission_id");
CREATE INDEX IF NOT EXISTS "django_admin_log_content_type_id_c4bce8eb" ON "django_admin_log" ("content_type_id");
CREATE INDEX IF NOT EXISTS "django_admin_log_user_id_c564eba6" ON "django_admin_log" ("user_id");
CREATE UNIQUE INDEX "django_content_type_app_label_model_76bd3d3b_uniq" ON "django_content_type" ("app_label", "model");
CREATE UNIQUE INDEX "auth_permission_content_type_id_codename_01ab375a_uniq" ON "auth_permission" ("content_type_id", "codename");
CREATE INDEX IF NOT EXISTS "auth_permission_content_type_id_2f476e4b" ON "auth_permission" ("content_type_id");
CREATE INDEX IF NOT EXISTS "tostadora_user_rol_id_id_c766ff45" ON "tostadora_user" ("rol_id_id");
CREATE INDEX IF NOT EXISTS "tostadora_cart_product_id_2e9d6ab2" ON "tostadora_cart" ("product_id");
CREATE INDEX IF NOT EXISTS "tostadora_cart_user_id_e5ebfaec" ON "tostadora_cart" ("user_id");
CREATE INDEX IF NOT EXISTS "tostadora_order_cart_id_38983022" ON "tostadora_order" ("cart_id");
CREATE INDEX IF NOT EXISTS "tostadora_order_user_id_e3f18deb" ON "tostadora_order" ("user_id");
CREATE INDEX IF NOT EXISTS "tostadora_product_category_id_a157fa66" ON "tostadora_product" ("category_id");
CREATE INDEX IF NOT EXISTS "django_session_expire_date_a5c62663" ON "django_session" ("expire_date");
CREATE INDEX IF NOT EXISTS "tostadora_address_user_id_id_0b5b53d4" ON "tostadora_address" ("user_id_id");
CREATE TABLE IF NOT EXISTS "django_session" ("session_key" varchar(40) NOT NULL PRIMARY KEY, "session_data" text NOT NULL, "expire_date" datetime NOT NULL);
INSERT INTO "django_session" VALUES('ulastskhlmmyfdm4jf0x59i6arzy256j','eyJlbWFpbCI6Imp1YW5jYW50aWxsbzEzMTdAZ21haWwuY29tIn0:1qFOT7:LdanHhUHjjGGeamic-9mTJqXQ-DgCKH-dLTS9UjLOK8','2023-07-15 00:28:05.231006');
CREATE UNIQUE INDEX "auth_group_permissions_group_id_permission_id_0cd325b0_uniq" ON "auth_group_permissions" ("group_id", "permission_id");
CREATE INDEX IF NOT EXISTS "auth_group_permissions_group_id_b120cbf9" ON "auth_group_permissions" ("group_id");
CREATE INDEX IF NOT EXISTS "auth_group_permissions_permission_id_84c5c92e" ON "auth_group_permissions" ("permission_id");
CREATE UNIQUE INDEX "auth_user_groups_user_id_group_id_94350c0c_uniq" ON "auth_user_groups" ("user_id", "group_id");
CREATE INDEX IF NOT EXISTS "auth_user_groups_user_id_6a12ed8b" ON "auth_user_groups" ("user_id");
CREATE INDEX IF NOT EXISTS "auth_user_groups_group_id_97559544" ON "auth_user_groups" ("group_id");
CREATE UNIQUE INDEX "auth_user_user_permissions_user_id_permission_id_14a6b632_uniq" ON "auth_user_user_permissions" ("user_id", "permission_id");
CREATE INDEX IF NOT EXISTS "auth_user_user_permissions_user_id_a95ead1b" ON "auth_user_user_permissions" ("user_id");
CREATE INDEX IF NOT EXISTS "auth_user_user_permissions_permission_id_1fbb5f2c" ON "auth_user_user_permissions" ("permission_id");
CREATE INDEX IF NOT EXISTS "django_admin_log_content_type_id_c4bce8eb" ON "django_admin_log" ("content_type_id");
CREATE INDEX IF NOT EXISTS "django_admin_log_user_id_c564eba6" ON "django_admin_log" ("user_id");
CREATE UNIQUE INDEX "django_content_type_app_label_model_76bd3d3b_uniq" ON "django_content_type" ("app_label", "model");
CREATE UNIQUE INDEX "auth_permission_content_type_id_codename_01ab375a_uniq" ON "auth_permission" ("content_type_id", "codename");
CREATE INDEX IF NOT EXISTS "auth_permission_content_type_id_2f476e4b" ON "auth_permission" ("content_type_id");
CREATE INDEX IF NOT EXISTS "tostadora_user_rol_id_id_c766ff45" ON "tostadora_user" ("rol_id_id");
CREATE INDEX IF NOT EXISTS "tostadora_cart_product_id_2e9d6ab2" ON "tostadora_cart" ("product_id");
CREATE INDEX IF NOT EXISTS "tostadora_cart_user_id_e5ebfaec" ON "tostadora_cart" ("user_id");
CREATE INDEX IF NOT EXISTS "tostadora_order_cart_id_38983022" ON "tostadora_order" ("cart_id");
CREATE INDEX IF NOT EXISTS "tostadora_order_user_id_e3f18deb" ON "tostadora_order" ("user_id");
CREATE INDEX IF NOT EXISTS "tostadora_product_category_id_a157fa66" ON "tostadora_product" ("category_id");
CREATE INDEX IF NOT EXISTS "django_session_expire_date_a5c62663" ON "django_session" ("expire_date");
CREATE INDEX IF NOT EXISTS "tostadora_address_user_id_id_0b5b53d4" ON "tostadora_address" ("user_id_id");
CREATE TABLE IF NOT EXISTS "tostadora_address" ("id" integer NOT NULL PRIMARY KEY AUTOINCREMENT, "direccion" varchar(200) NOT NULL, "ciudad" varchar(100) NOT NULL, "telefono" varchar(100) NOT NULL, "user_id_id" bigint NULL REFERENCES "tostadora_user" ("id") DEFERRABLE INITIALLY DEFERRED);
INSERT INTO "tostadora_address" VALUES(1,'cra 91 #22 154','Bogota','3184760156',1);
CREATE UNIQUE INDEX "auth_group_permissions_group_id_permission_id_0cd325b0_uniq" ON "auth_group_permissions" ("group_id", "permission_id");
CREATE INDEX IF NOT EXISTS "auth_group_permissions_group_id_b120cbf9" ON "auth_group_permissions" ("group_id");
CREATE INDEX IF NOT EXISTS "auth_group_permissions_permission_id_84c5c92e" ON "auth_group_permissions" ("permission_id");
CREATE UNIQUE INDEX "auth_user_groups_user_id_group_id_94350c0c_uniq" ON "auth_user_groups" ("user_id", "group_id");
CREATE INDEX IF NOT EXISTS "auth_user_groups_user_id_6a12ed8b" ON "auth_user_groups" ("user_id");
CREATE INDEX IF NOT EXISTS "auth_user_groups_group_id_97559544" ON "auth_user_groups" ("group_id");
CREATE UNIQUE INDEX "auth_user_user_permissions_user_id_permission_id_14a6b632_uniq" ON "auth_user_user_permissions" ("user_id", "permission_id");
CREATE INDEX IF NOT EXISTS "auth_user_user_permissions_user_id_a95ead1b" ON "auth_user_user_permissions" ("user_id");
CREATE INDEX IF NOT EXISTS "auth_user_user_permissions_permission_id_1fbb5f2c" ON "auth_user_user_permissions" ("permission_id");
CREATE INDEX IF NOT EXISTS "django_admin_log_content_type_id_c4bce8eb" ON "django_admin_log" ("content_type_id");
CREATE INDEX IF NOT EXISTS "django_admin_log_user_id_c564eba6" ON "django_admin_log" ("user_id");
CREATE UNIQUE INDEX "django_content_type_app_label_model_76bd3d3b_uniq" ON "django_content_type" ("app_label", "model");
CREATE UNIQUE INDEX "auth_permission_content_type_id_codename_01ab375a_uniq" ON "auth_permission" ("content_type_id", "codename");
CREATE INDEX IF NOT EXISTS "auth_permission_content_type_id_2f476e4b" ON "auth_permission" ("content_type_id");
CREATE INDEX IF NOT EXISTS "tostadora_user_rol_id_id_c766ff45" ON "tostadora_user" ("rol_id_id");
CREATE INDEX IF NOT EXISTS "tostadora_cart_product_id_2e9d6ab2" ON "tostadora_cart" ("product_id");
CREATE INDEX IF NOT EXISTS "tostadora_cart_user_id_e5ebfaec" ON "tostadora_cart" ("user_id");
CREATE INDEX IF NOT EXISTS "tostadora_order_cart_id_38983022" ON "tostadora_order" ("cart_id");
CREATE INDEX IF NOT EXISTS "tostadora_order_user_id_e3f18deb" ON "tostadora_order" ("user_id");
CREATE INDEX IF NOT EXISTS "tostadora_product_category_id_a157fa66" ON "tostadora_product" ("category_id");
CREATE INDEX IF NOT EXISTS "django_session_expire_date_a5c62663" ON "django_session" ("expire_date");
CREATE INDEX IF NOT EXISTS "tostadora_address_user_id_id_0b5b53d4" ON "tostadora_address" ("user_id_id");
CREATE TABLE IF NOT EXISTS "tostadora_cart" ("id" integer NOT NULL PRIMARY KEY AUTOINCREMENT, "product_id" bigint NOT NULL REFERENCES "tostadora_product" ("id") DEFERRABLE INITIALLY DEFERRED, "user_id" bigint NOT NULL REFERENCES "tostadora_user" ("id") DEFERRABLE INITIALLY DEFERRED, "sub_total" integer NOT NULL, "quantity" integer NOT NULL);
INSERT INTO "tostadora_cart" VALUES(1,7,1,44600,2);
INSERT INTO "tostadora_cart" VALUES(2,1,1,11200,1);
INSERT INTO "tostadora_cart" VALUES(3,8,1,33500,1);
CREATE UNIQUE INDEX "auth_group_permissions_group_id_permission_id_0cd325b0_uniq" ON "auth_group_permissions" ("group_id", "permission_id");
CREATE INDEX IF NOT EXISTS "auth_group_permissions_group_id_b120cbf9" ON "auth_group_permissions" ("group_id");
CREATE INDEX IF NOT EXISTS "auth_group_permissions_permission_id_84c5c92e" ON "auth_group_permissions" ("permission_id");
CREATE UNIQUE INDEX "auth_user_groups_user_id_group_id_94350c0c_uniq" ON "auth_user_groups" ("user_id", "group_id");
CREATE INDEX IF NOT EXISTS "auth_user_groups_user_id_6a12ed8b" ON "auth_user_groups" ("user_id");
CREATE INDEX IF NOT EXISTS "auth_user_groups_group_id_97559544" ON "auth_user_groups" ("group_id");
CREATE UNIQUE INDEX "auth_user_user_permissions_user_id_permission_id_14a6b632_uniq" ON "auth_user_user_permissions" ("user_id", "permission_id");
CREATE INDEX IF NOT EXISTS "auth_user_user_permissions_user_id_a95ead1b" ON "auth_user_user_permissions" ("user_id");
CREATE INDEX IF NOT EXISTS "auth_user_user_permissions_permission_id_1fbb5f2c" ON "auth_user_user_permissions" ("permission_id");
CREATE INDEX IF NOT EXISTS "django_admin_log_content_type_id_c4bce8eb" ON "django_admin_log" ("content_type_id");
CREATE INDEX IF NOT EXISTS "django_admin_log_user_id_c564eba6" ON "django_admin_log" ("user_id");
CREATE UNIQUE INDEX "django_content_type_app_label_model_76bd3d3b_uniq" ON "django_content_type" ("app_label", "model");
CREATE UNIQUE INDEX "auth_permission_content_type_id_codename_01ab375a_uniq" ON "auth_permission" ("content_type_id", "codename");
CREATE INDEX IF NOT EXISTS "auth_permission_content_type_id_2f476e4b" ON "auth_permission" ("content_type_id");
CREATE INDEX IF NOT EXISTS "tostadora_user_rol_id_id_c766ff45" ON "tostadora_user" ("rol_id_id");
CREATE INDEX IF NOT EXISTS "tostadora_cart_product_id_2e9d6ab2" ON "tostadora_cart" ("product_id");
CREATE INDEX IF NOT EXISTS "tostadora_cart_user_id_e5ebfaec" ON "tostadora_cart" ("user_id");
CREATE INDEX IF NOT EXISTS "tostadora_order_cart_id_38983022" ON "tostadora_order" ("cart_id");
CREATE INDEX IF NOT EXISTS "tostadora_order_user_id_e3f18deb" ON "tostadora_order" ("user_id");
CREATE INDEX IF NOT EXISTS "tostadora_product_category_id_a157fa66" ON "tostadora_product" ("category_id");
CREATE INDEX IF NOT EXISTS "django_session_expire_date_a5c62663" ON "django_session" ("expire_date");
CREATE INDEX IF NOT EXISTS "tostadora_address_user_id_id_0b5b53d4" ON "tostadora_address" ("user_id_id");
CREATE TABLE IF NOT EXISTS "tostadora_category" ("id" integer NOT NULL PRIMARY KEY AUTOINCREMENT, "name" varchar(100) NOT NULL);
INSERT INTO "tostadora_category" VALUES(1,'Café Molido');
INSERT INTO "tostadora_category" VALUES(2,'Café en Grano');
INSERT INTO "tostadora_category" VALUES(3,'Café Tostado');
INSERT INTO "tostadora_category" VALUES(4,'Café Orgánico');
INSERT INTO "tostadora_category" VALUES(5,'Café Arábica');
INSERT INTO "tostadora_category" VALUES(6,'Café Robusta');
CREATE UNIQUE INDEX "auth_group_permissions_group_id_permission_id_0cd325b0_uniq" ON "auth_group_permissions" ("group_id", "permission_id");
CREATE INDEX IF NOT EXISTS "auth_group_permissions_group_id_b120cbf9" ON "auth_group_permissions" ("group_id");
CREATE INDEX IF NOT EXISTS "auth_group_permissions_permission_id_84c5c92e" ON "auth_group_permissions" ("permission_id");
CREATE UNIQUE INDEX "auth_user_groups_user_id_group_id_94350c0c_uniq" ON "auth_user_groups" ("user_id", "group_id");
CREATE INDEX IF NOT EXISTS "auth_user_groups_user_id_6a12ed8b" ON "auth_user_groups" ("user_id");
CREATE INDEX IF NOT EXISTS "auth_user_groups_group_id_97559544" ON "auth_user_groups" ("group_id");
CREATE UNIQUE INDEX "auth_user_user_permissions_user_id_permission_id_14a6b632_uniq" ON "auth_user_user_permissions" ("user_id", "permission_id");
CREATE INDEX IF NOT EXISTS "auth_user_user_permissions_user_id_a95ead1b" ON "auth_user_user_permissions" ("user_id");
CREATE INDEX IF NOT EXISTS "auth_user_user_permissions_permission_id_1fbb5f2c" ON "auth_user_user_permissions" ("permission_id");
CREATE INDEX IF NOT EXISTS "django_admin_log_content_type_id_c4bce8eb" ON "django_admin_log" ("content_type_id");
CREATE INDEX IF NOT EXISTS "django_admin_log_user_id_c564eba6" ON "django_admin_log" ("user_id");
CREATE UNIQUE INDEX "django_content_type_app_label_model_76bd3d3b_uniq" ON "django_content_type" ("app_label", "model");
CREATE UNIQUE INDEX "auth_permission_content_type_id_codename_01ab375a_uniq" ON "auth_permission" ("content_type_id", "codename");
CREATE INDEX IF NOT EXISTS "auth_permission_content_type_id_2f476e4b" ON "auth_permission" ("content_type_id");
CREATE INDEX IF NOT EXISTS "tostadora_user_rol_id_id_c766ff45" ON "tostadora_user" ("rol_id_id");
CREATE INDEX IF NOT EXISTS "tostadora_cart_product_id_2e9d6ab2" ON "tostadora_cart" ("product_id");
CREATE INDEX IF NOT EXISTS "tostadora_cart_user_id_e5ebfaec" ON "tostadora_cart" ("user_id");
CREATE INDEX IF NOT EXISTS "tostadora_order_cart_id_38983022" ON "tostadora_order" ("cart_id");
CREATE INDEX IF NOT EXISTS "tostadora_order_user_id_e3f18deb" ON "tostadora_order" ("user_id");
CREATE INDEX IF NOT EXISTS "tostadora_product_category_id_a157fa66" ON "tostadora_product" ("category_id");
CREATE INDEX IF NOT EXISTS "django_session_expire_date_a5c62663" ON "django_session" ("expire_date");
CREATE INDEX IF NOT EXISTS "tostadora_address_user_id_id_0b5b53d4" ON "tostadora_address" ("user_id_id");
CREATE TABLE IF NOT EXISTS "tostadora_order" ("id" integer NOT NULL PRIMARY KEY AUTOINCREMENT, "total" integer NOT NULL, "total_quantity" integer NOT NULL, "cart_id" bigint NOT NULL REFERENCES "tostadora_cart" ("id") DEFERRABLE INITIALLY DEFERRED, "user_id" bigint NOT NULL REFERENCES "tostadora_user" ("id") DEFERRABLE INITIALLY DEFERRED);
INSERT INTO "tostadora_order" VALUES(1,44600,2,1,1);
CREATE UNIQUE INDEX "auth_group_permissions_group_id_permission_id_0cd325b0_uniq" ON "auth_group_permissions" ("group_id", "permission_id");
CREATE INDEX IF NOT EXISTS "auth_group_permissions_group_id_b120cbf9" ON "auth_group_permissions" ("group_id");
CREATE INDEX IF NOT EXISTS "auth_group_permissions_permission_id_84c5c92e" ON "auth_group_permissions" ("permission_id");
CREATE UNIQUE INDEX "auth_user_groups_user_id_group_id_94350c0c_uniq" ON "auth_user_groups" ("user_id", "group_id");
CREATE INDEX IF NOT EXISTS "auth_user_groups_user_id_6a12ed8b" ON "auth_user_groups" ("user_id");
CREATE INDEX IF NOT EXISTS "auth_user_groups_group_id_97559544" ON "auth_user_groups" ("group_id");
CREATE UNIQUE INDEX "auth_user_user_permissions_user_id_permission_id_14a6b632_uniq" ON "auth_user_user_permissions" ("user_id", "permission_id");
CREATE INDEX IF NOT EXISTS "auth_user_user_permissions_user_id_a95ead1b" ON "auth_user_user_permissions" ("user_id");
CREATE INDEX IF NOT EXISTS "auth_user_user_permissions_permission_id_1fbb5f2c" ON "auth_user_user_permissions" ("permission_id");
CREATE INDEX IF NOT EXISTS "django_admin_log_content_type_id_c4bce8eb" ON "django_admin_log" ("content_type_id");
CREATE INDEX IF NOT EXISTS "django_admin_log_user_id_c564eba6" ON "django_admin_log" ("user_id");
CREATE UNIQUE INDEX "django_content_type_app_label_model_76bd3d3b_uniq" ON "django_content_type" ("app_label", "model");
CREATE UNIQUE INDEX "auth_permission_content_type_id_codename_01ab375a_uniq" ON "auth_permission" ("content_type_id", "codename");
CREATE INDEX IF NOT EXISTS "auth_permission_content_type_id_2f476e4b" ON "auth_permission" ("content_type_id");
CREATE INDEX IF NOT EXISTS "tostadora_user_rol_id_id_c766ff45" ON "tostadora_user" ("rol_id_id");
CREATE INDEX IF NOT EXISTS "tostadora_cart_product_id_2e9d6ab2" ON "tostadora_cart" ("product_id");
CREATE INDEX IF NOT EXISTS "tostadora_cart_user_id_e5ebfaec" ON "tostadora_cart" ("user_id");
CREATE INDEX IF NOT EXISTS "tostadora_order_cart_id_38983022" ON "tostadora_order" ("cart_id");
CREATE INDEX IF NOT EXISTS "tostadora_order_user_id_e3f18deb" ON "tostadora_order" ("user_id");
CREATE INDEX IF NOT EXISTS "tostadora_product_category_id_a157fa66" ON "tostadora_product" ("category_id");
CREATE INDEX IF NOT EXISTS "django_session_expire_date_a5c62663" ON "django_session" ("expire_date");
CREATE INDEX IF NOT EXISTS "tostadora_address_user_id_id_0b5b53d4" ON "tostadora_address" ("user_id_id");
CREATE TABLE IF NOT EXISTS "tostadora_product" ("id" integer NOT NULL PRIMARY KEY AUTOINCREMENT, "name" varchar(100) NULL, "picture" varchar(1000) NOT NULL, "stock" integer NOT NULL, "presentation" varchar(1000) NOT NULL, "price" integer NULL, "category_name" varchar(100) NULL, "category_id" bigint NULL REFERENCES "tostadora_category" ("id") DEFERRABLE INITIALLY DEFERRED);
INSERT INTO "tostadora_product" VALUES(1,'Café Molido','https://cursosbaristacafe.com.mx/wp-content/uploads/2020/10/cafe-molido-medio.jpg',10,'10 Kg',11200,'Café Molido',1);
INSERT INTO "tostadora_product" VALUES(2,'Café en Grano','https://mejorconsalud.as.com/fitness/wp-content/uploads/2020/05/granos-cafe-verde-taza.jpg',10,'10 Kg',11200,'Café en Grano',2);
INSERT INTO "tostadora_product" VALUES(3,'Café Tostado','https://t2.uc.ltmcdn.com/es/posts/6/0/9/como_tostar_cafe_49906_orig.jpg',10,'10 Kg',11200,'Café Tostado',3);
INSERT INTO "tostadora_product" VALUES(4,'Café Orgánico','https://www.bienestarcolsanitas.com/images/2-SECCIONES/ALIMENTACION/RECOMENDACIONES/CAFE/CAFE5.jpg',10,'10 Kg',11200,'Café Orgánico',4);
INSERT INTO "tostadora_product" VALUES(5,'Café Arábica','https://euskovazza.com/wp-content/uploads/2019/09/variedades-cafe-arabica.jpg',10,'10 Kg',11200,'Café Arábica',5);
INSERT INTO "tostadora_product" VALUES(6,'Café Robusta','https://www.cafesaula.com/blog/wp-content/uploads/2014/10/arabica.robusta.jpg',10,'10 Kg',11200,'Café Robusta',6);
INSERT INTO "tostadora_product" VALUES(7,'Café Molido','https://cursosbaristacafe.com.mx/wp-content/uploads/2020/10/cafe-molido-medio.jpg',10,'20 Kg',22300,'Café Molido',1);
INSERT INTO "tostadora_product" VALUES(8,'Café Molido','https://cursosbaristacafe.com.mx/wp-content/uploads/2020/10/cafe-molido-medio.jpg',10,'30 Kg',33500,'Café Molido',1);
INSERT INTO "tostadora_product" VALUES(9,'Café en Grano','https://mejorconsalud.as.com/fitness/wp-content/uploads/2020/05/granos-cafe-verde-taza.jpg',10,'20 Kg',22300,'Café en Grano',2);
INSERT INTO "tostadora_product" VALUES(10,'Café en Grano','https://mejorconsalud.as.com/fitness/wp-content/uploads/2020/05/granos-cafe-verde-taza.jpg',10,'30 Kg',33500,'Café en Grano',2);
CREATE UNIQUE INDEX "auth_group_permissions_group_id_permission_id_0cd325b0_uniq" ON "auth_group_permissions" ("group_id", "permission_id");
CREATE INDEX IF NOT EXISTS "auth_group_permissions_group_id_b120cbf9" ON "auth_group_permissions" ("group_id");
CREATE INDEX IF NOT EXISTS "auth_group_permissions_permission_id_84c5c92e" ON "auth_group_permissions" ("permission_id");
CREATE UNIQUE INDEX "auth_user_groups_user_id_group_id_94350c0c_uniq" ON "auth_user_groups" ("user_id", "group_id");
CREATE INDEX IF NOT EXISTS "auth_user_groups_user_id_6a12ed8b" ON "auth_user_groups" ("user_id");
CREATE INDEX IF NOT EXISTS "auth_user_groups_group_id_97559544" ON "auth_user_groups" ("group_id");
CREATE UNIQUE INDEX "auth_user_user_permissions_user_id_permission_id_14a6b632_uniq" ON "auth_user_user_permissions" ("user_id", "permission_id");
CREATE INDEX IF NOT EXISTS "auth_user_user_permissions_user_id_a95ead1b" ON "auth_user_user_permissions" ("user_id");
CREATE INDEX IF NOT EXISTS "auth_user_user_permissions_permission_id_1fbb5f2c" ON "auth_user_user_permissions" ("permission_id");
CREATE INDEX IF NOT EXISTS "django_admin_log_content_type_id_c4bce8eb" ON "django_admin_log" ("content_type_id");
CREATE INDEX IF NOT EXISTS "django_admin_log_user_id_c564eba6" ON "django_admin_log" ("user_id");
CREATE UNIQUE INDEX "django_content_type_app_label_model_76bd3d3b_uniq" ON "django_content_type" ("app_label", "model");
CREATE UNIQUE INDEX "auth_permission_content_type_id_codename_01ab375a_uniq" ON "auth_permission" ("content_type_id", "codename");
CREATE INDEX IF NOT EXISTS "auth_permission_content_type_id_2f476e4b" ON "auth_permission" ("content_type_id");
CREATE INDEX IF NOT EXISTS "tostadora_user_rol_id_id_c766ff45" ON "tostadora_user" ("rol_id_id");
CREATE INDEX IF NOT EXISTS "tostadora_cart_product_id_2e9d6ab2" ON "tostadora_cart" ("product_id");
CREATE INDEX IF NOT EXISTS "tostadora_cart_user_id_e5ebfaec" ON "tostadora_cart" ("user_id");
CREATE INDEX IF NOT EXISTS "tostadora_order_cart_id_38983022" ON "tostadora_order" ("cart_id");
CREATE INDEX IF NOT EXISTS "tostadora_order_user_id_e3f18deb" ON "tostadora_order" ("user_id");
CREATE INDEX IF NOT EXISTS "tostadora_product_category_id_a157fa66" ON "tostadora_product" ("category_id");
CREATE INDEX IF NOT EXISTS "django_session_expire_date_a5c62663" ON "django_session" ("expire_date");
CREATE INDEX IF NOT EXISTS "tostadora_address_user_id_id_0b5b53d4" ON "tostadora_address" ("user_id_id");
CREATE TABLE IF NOT EXISTS "tostadora_rol" ("id" integer NOT NULL PRIMARY KEY AUTOINCREMENT, "name" varchar(100) NOT NULL);
INSERT INTO "tostadora_rol" VALUES(1,'client');
INSERT INTO "tostadora_rol" VALUES(2,'admin');
CREATE UNIQUE INDEX "auth_group_permissions_group_id_permission_id_0cd325b0_uniq" ON "auth_group_permissions" ("group_id", "permission_id");
CREATE INDEX IF NOT EXISTS "auth_group_permissions_group_id_b120cbf9" ON "auth_group_permissions" ("group_id");
CREATE INDEX IF NOT EXISTS "auth_group_permissions_permission_id_84c5c92e" ON "auth_group_permissions" ("permission_id");
CREATE UNIQUE INDEX "auth_user_groups_user_id_group_id_94350c0c_uniq" ON "auth_user_groups" ("user_id", "group_id");
CREATE INDEX IF NOT EXISTS "auth_user_groups_user_id_6a12ed8b" ON "auth_user_groups" ("user_id");
CREATE INDEX IF NOT EXISTS "auth_user_groups_group_id_97559544" ON "auth_user_groups" ("group_id");
CREATE UNIQUE INDEX "auth_user_user_permissions_user_id_permission_id_14a6b632_uniq" ON "auth_user_user_permissions" ("user_id", "permission_id");
CREATE INDEX IF NOT EXISTS "auth_user_user_permissions_user_id_a95ead1b" ON "auth_user_user_permissions" ("user_id");
CREATE INDEX IF NOT EXISTS "auth_user_user_permissions_permission_id_1fbb5f2c" ON "auth_user_user_permissions" ("permission_id");
CREATE INDEX IF NOT EXISTS "django_admin_log_content_type_id_c4bce8eb" ON "django_admin_log" ("content_type_id");
CREATE INDEX IF NOT EXISTS "django_admin_log_user_id_c564eba6" ON "django_admin_log" ("user_id");
CREATE UNIQUE INDEX "django_content_type_app_label_model_76bd3d3b_uniq" ON "django_content_type" ("app_label", "model");
CREATE UNIQUE INDEX "auth_permission_content_type_id_codename_01ab375a_uniq" ON "auth_permission" ("content_type_id", "codename");
CREATE INDEX IF NOT EXISTS "auth_permission_content_type_id_2f476e4b" ON "auth_permission" ("content_type_id");
CREATE INDEX IF NOT EXISTS "tostadora_user_rol_id_id_c766ff45" ON "tostadora_user" ("rol_id_id");
CREATE INDEX IF NOT EXISTS "tostadora_cart_product_id_2e9d6ab2" ON "tostadora_cart" ("product_id");
CREATE INDEX IF NOT EXISTS "tostadora_cart_user_id_e5ebfaec" ON "tostadora_cart" ("user_id");
CREATE INDEX IF NOT EXISTS "tostadora_order_cart_id_38983022" ON "tostadora_order" ("cart_id");
CREATE INDEX IF NOT EXISTS "tostadora_order_user_id_e3f18deb" ON "tostadora_order" ("user_id");
CREATE INDEX IF NOT EXISTS "tostadora_product_category_id_a157fa66" ON "tostadora_product" ("category_id");
CREATE INDEX IF NOT EXISTS "django_session_expire_date_a5c62663" ON "django_session" ("expire_date");
CREATE INDEX IF NOT EXISTS "tostadora_address_user_id_id_0b5b53d4" ON "tostadora_address" ("user_id_id");
CREATE TABLE IF NOT EXISTS "tostadora_user" ("id" integer NOT NULL PRIMARY KEY AUTOINCREMENT, "email" varchar(150) NOT NULL UNIQUE, "password" varchar(100) NOT NULL, "name" varchar(200) NOT NULL, "rol_id_id" bigint NULL REFERENCES "tostadora_rol" ("id") DEFERRABLE INITIALLY DEFERRED);
INSERT INTO "tostadora_user" VALUES(1,'juancantillo1317@gmail.com','1234','Juan cliente',1);
INSERT INTO "tostadora_user" VALUES(2,'juanjo0216@gmail.com','1234','Juan Admin',2);
CREATE UNIQUE INDEX "auth_group_permissions_group_id_permission_id_0cd325b0_uniq" ON "auth_group_permissions" ("group_id", "permission_id");
CREATE INDEX IF NOT EXISTS "auth_group_permissions_group_id_b120cbf9" ON "auth_group_permissions" ("group_id");
CREATE INDEX IF NOT EXISTS "auth_group_permissions_permission_id_84c5c92e" ON "auth_group_permissions" ("permission_id");
CREATE UNIQUE INDEX "auth_user_groups_user_id_group_id_94350c0c_uniq" ON "auth_user_groups" ("user_id", "group_id");
CREATE INDEX IF NOT EXISTS "auth_user_groups_user_id_6a12ed8b" ON "auth_user_groups" ("user_id");
CREATE INDEX IF NOT EXISTS "auth_user_groups_group_id_97559544" ON "auth_user_groups" ("group_id");
CREATE UNIQUE INDEX "auth_user_user_permissions_user_id_permission_id_14a6b632_uniq" ON "auth_user_user_permissions" ("user_id", "permission_id");
CREATE INDEX IF NOT EXISTS "auth_user_user_permissions_user_id_a95ead1b" ON "auth_user_user_permissions" ("user_id");
CREATE INDEX IF NOT EXISTS "auth_user_user_permissions_permission_id_1fbb5f2c" ON "auth_user_user_permissions" ("permission_id");
CREATE INDEX IF NOT EXISTS "django_admin_log_content_type_id_c4bce8eb" ON "django_admin_log" ("content_type_id");
CREATE INDEX IF NOT EXISTS "django_admin_log_user_id_c564eba6" ON "django_admin_log" ("user_id");
CREATE UNIQUE INDEX "django_content_type_app_label_model_76bd3d3b_uniq" ON "django_content_type" ("app_label", "model");
CREATE UNIQUE INDEX "auth_permission_content_type_id_codename_01ab375a_uniq" ON "auth_permission" ("content_type_id", "codename");
CREATE INDEX IF NOT EXISTS "auth_permission_content_type_id_2f476e4b" ON "auth_permission" ("content_type_id");
CREATE INDEX IF NOT EXISTS "tostadora_user_rol_id_id_c766ff45" ON "tostadora_user" ("rol_id_id");
CREATE INDEX IF NOT EXISTS "tostadora_cart_product_id_2e9d6ab2" ON "tostadora_cart" ("product_id");
CREATE INDEX IF NOT EXISTS "tostadora_cart_user_id_e5ebfaec" ON "tostadora_cart" ("user_id");
CREATE INDEX IF NOT EXISTS "tostadora_order_cart_id_38983022" ON "tostadora_order" ("cart_id");
CREATE INDEX IF NOT EXISTS "tostadora_order_user_id_e3f18deb" ON "tostadora_order" ("user_id");
CREATE INDEX IF NOT EXISTS "tostadora_product_category_id_a157fa66" ON "tostadora_product" ("category_id");
CREATE INDEX IF NOT EXISTS "django_session_expire_date_a5c62663" ON "django_session" ("expire_date");
CREATE INDEX IF NOT EXISTS "tostadora_address_user_id_id_0b5b53d4" ON "tostadora_address" ("user_id_id");
